area_sqft,bedrooms,age_years,floor,city,furnishing,price_lakh
1055.0,2,1.0,0,Delhi,unfurnished,66.76
1178.0,3,15.0,21,Pune,semi,57.81
1198.0,2,27.0,15,Mumbai,semi,73.28
1118.0,2,33.0,3,Jaipur,furnished,33.91
1332.0,4,32.0,10,Delhi,furnished,68.12
1405.0,4,36.0,10,Pune,unfurnished,53.68
1676.0,4,9.0,4,Pune,unfurnished,68.89
1578.0,2,38.0,13,Pune,furnished,56.52
1038.0,3,28.0,23,Jaipur,semi,35.42
1136.0,2,7.0,7,Pune,furnished,59.56
924.0,2,36.0,20,Delhi,furnished,51.88
1284.0,3,3.0,5,Mumbai,furnished,134.75
826.0,1,,9,Mumbai,unfurnished,55.57
1974.0,4,1.0,18,Pune,semi,99.7
729.0,1,0.0,24,Delhi,semi,42.42
1260.0,3,31.0,4,Pune,unfurnished,51.19
1284.0,2,33.0,1,Jaipur,semi,30.18
1347.0,1,8.0,18,Pune,semi,55.78
3122.0,6,9.0,15,Delhi,semi,196.68
972.0,3,4.0,1,Pune,unfurnished,47.19
955.0,2,8.0,9,Mumbai,semi,65.85
1310.0,3,32.0,7,Delhi,unfurnished,71.29
811.0,1,21.0,11,Delhi,furnished,44.76
1257.0,2,1.0,2,Pune,unfurnished,51.3
2910.0,5,32.0,16,Jaipur,unfurnished,83.46
1129.0,3,,7,Pune,semi,43.99
1200.0,3,12.0,11,Mumbai,furnished,106.16
1278.0,4,13.0,15,Jaipur,furnished,43.96
1076.0,3,18.0,17,Jaipur,furnished,32.19
837.0,1,21.0,9,Mumbai,furnished,69.99
694.0,3,28.0,24,Delhi,semi,44.33
2062.0,5,13.0,3,Jaipur,,60.33
1015.0,3,25.0,17,Mumbai,unfurnished,68.99
1234.0,2,27.0,21,Jaipur,unfurnished,37.04
794.0,2,36.0,18,Pune,furnished,39.66
881.0,1,6.0,12,Delhi,unfurnished,53.05
1339.0,3,16.0,13,Pune,semi,49.94
952.0,3,18.0,10,Pune,unfurnished,46.26
1510.0,3,10.0,4,Mumbai,unfurnished,117.56
1454.0,4,9.0,12,Pune,semi,57.69
807.0,2,1.0,13,Pune,semi,40.36
1854.0,4,26.0,10,Mumbai,furnished,185.04
1052.0,2,,23,Mumbai,semi,92.65
1539.0,3,4.0,3,Delhi,semi,94.62
665.0,1,36.0,13,Delhi,furnished,35.12
1052.0,1,12.0,23,Jaipur,unfurnished,34.88
1534.0,3,23.0,20,Mumbai,semi,124.37
1086.0,2,36.0,5,Pune,furnished,42.4
1080.0,3,4.0,12,Pune,semi,51.81
1072.0,3,15.0,18,Pune,furnished,51.7
2327.0,5,10.0,16,Pune,semi,114.78
979.0,3,21.0,4,Pune,furnished,46.04
1368.0,2,11.0,6,Mumbai,furnished,125.94
908.0,1,,13,Jaipur,unfurnished,26.57
959.0,2,,6,Mumbai,furnished,74.85
1341.0,3,34.0,4,Pune,semi,53.94
1721.0,4,39.0,19,Jaipur,furnished,45.14
633.0,2,22.0,16,Delhi,semi,38.36
1311.0,3,13.0,1,Mumbai,semi,107.24
1175.0,2,19.0,10,Mumbai,unfurnished,77.58
1107.0,2,12.0,23,Delhi,semi,81.82
1088.0,3,24.0,18,Pune,unfurnished,53.18
783.0,1,6.0,17,Mumbai,semi,57.22
1520.0,3,1.0,8,Jaipur,unfurnished,42.45
879.0,1,10.0,12,Mumbai,semi,72.56
969.0,1,2.0,14,Delhi,furnished,74.76
925.0,1,20.0,0,Mumbai,semi,74.56
717.0,1,11.0,5,Mumbai,unfurnished,47.35
958.0,4,19.0,7,Delhi,furnished,52.11
677.0,1,,0,Pune,furnished,25.3
791.0,2,34.0,13,Mumbai,furnished,53.86
1262.0,3,,21,Pune,semi,39.78
979.0,2,27.0,9,Delhi,semi,63.91
1020.0,2,7.0,18,Jaipur,furnished,45.45
923.0,2,19.0,4,Pune,furnished,42.82
1316.0,4,34.0,9,Delhi,furnished,66.74
1439.0,4,13.0,21,Delhi,semi,84.74
1108.0,2,36.0,21,Jaipur,unfurnished,34.51
1399.0,2,39.0,3,Delhi,semi,70.98
577.0,2,26.0,3,Delhi,semi,35.58
1312.0,3,28.0,8,Mumbai,unfurnished,92.26
1164.0,2,5.0,20,Jaipur,unfurnished,36.29
920.0,1,7.0,19,Jaipur,semi,30.25
1577.0,4,0.0,18,Delhi,furnished,129.81
1452.0,2,23.0,16,Delhi,furnished,87.57
965.0,2,15.0,3,Delhi,furnished,64.87
1001.0,1,17.0,8,Delhi,furnished,64.56
1245.0,2,9.0,21,Mumbai,furnished,108.11
963.0,1,34.0,16,Jaipur,furnished,27.29
899.0,3,34.0,0,Mumbai,unfurnished,52.51
610.0,2,15.0,13,Pune,semi,34.9
1489.0,3,0.0,17,Pune,furnished,67.15
843.0,3,22.0,0,Mumbai,unfurnished,56.96
919.0,2,,6,Delhi,,57.56
1253.0,3,21.0,15,Delhi,unfurnished,85.85
1007.0,4,15.0,18,Mumbai,semi,87.1
1538.0,3,33.0,22,Delhi,unfurnished,64.8
1060.0,1,10.0,16,Pune,semi,57.69
570.0,1,30.0,2,Delhi,semi,30.73
1535.0,5,18.0,5,Mumbai,unfurnished,172.22
1199.0,4,14.0,21,Mumbai,unfurnished,89.65
1091.0,4,12.0,22,Jaipur,unfurnished,31.19
1211.0,3,35.0,2,Jaipur,semi,27.92
1016.0,2,22.0,0,Delhi,furnished,56.45
1482.0,2,30.0,22,Mumbai,furnished,123.82
1382.0,3,22.0,13,Mumbai,semi,104.27
1264.0,3,31.0,20,Delhi,furnished,68.44
1304.0,3,18.0,15,Delhi,semi,66.86
643.0,2,32.0,6,Mumbai,semi,48.67
1275.0,3,10.0,24,Mumbai,furnished,122.42
476.0,2,22.0,20,Mumbai,unfurnished,35.58
1255.0,2,5.0,17,Pune,furnished,51.84
1778.0,4,37.0,2,Delhi,unfurnished,82.19
2244.0,4,28.0,4,Pune,unfurnished,82.08
1070.0,3,20.0,21,Delhi,unfurnished,63.16
1021.0,2,31.0,7,Mumbai,furnished,71.08
685.0,2,5.0,3,Mumbai,furnished,67.23
1937.0,4,12.0,5,Mumbai,furnished,201.87
606.0,1,17.0,19,Jaipur,furnished,19.72
890.0,2,33.0,24,Pune,semi,35.45
980.0,3,23.0,12,Delhi,furnished,46.08
835.0,2,27.0,12,Jaipur,semi,23.95
1247.0,1,28.0,2,Delhi,unfurnished,66.49
1237.0,3,34.0,2,Delhi,furnished,57.35
1150.0,3,,9,Pune,unfurnished,63.31
1760.0,4,33.0,9,Delhi,furnished,90.19
1386.0,4,22.0,17,Pune,semi,61.07
921.0,3,21.0,13,Delhi,semi,42.45
853.0,3,37.0,14,Mumbai,unfurnished,47.6
2345.0,6,13.0,16,Jaipur,semi,80.23
686.0,1,23.0,16,Delhi,semi,37.99
960.0,3,35.0,4,Mumbai,unfurnished,60.64
1130.0,2,0.0,10,Mumbai,furnished,96.07
653.0,1,25.0,3,Mumbai,semi,43.14
1309.0,4,39.0,1,Delhi,unfurnished,60.28
810.0,2,19.0,20,Mumbai,furnished,73.15
2186.0,5,28.0,4,Mumbai,semi,147.4
963.0,3,7.0,18,Mumbai,unfurnished,68.69
1435.0,4,15.0,16,Pune,furnished,82.01
1232.0,3,8.0,5,Jaipur,semi,38.35
1065.0,1,26.0,21,Pune,furnished,54.88
943.0,1,11.0,21,Mumbai,semi,88.92
930.0,2,22.0,15,Delhi,semi,42.83
1604.0,4,6.0,15,Mumbai,unfurnished,119.17
1441.0,4,5.0,5,Pune,furnished,75.55
1004.0,1,33.0,10,Delhi,furnished,52.98
1190.0,2,22.0,15,Delhi,semi,61.94
840.0,2,9.0,22,Delhi,furnished,57.91
1033.0,1,9.0,24,Mumbai,unfurnished,90.58
886.0,1,8.0,23,Pune,unfurnished,31.84
927.0,1,24.0,6,Pune,semi,38.35
2502.0,5,1.0,11,Delhi,unfurnished,189.18
1192.0,4,19.0,2,Pune,furnished,52.43
629.0,1,16.0,6,Pune,unfurnished,29.38
2293.0,5,36.0,6,Mumbai,furnished,190.14
938.0,1,32.0,19,Delhi,furnished,58.68
1537.0,4,31.0,6,Pune,furnished,62.38
872.0,1,4.0,13,Delhi,unfurnished,51.14
1112.0,2,8.0,9,Mumbai,unfurnished,86.78
888.0,3,30.0,21,Mumbai,semi,56.28
1121.0,2,22.0,6,Mumbai,unfurnished,100.67
1808.0,3,16.0,18,Pune,furnished,80.31
1969.0,3,27.0,15,Jaipur,furnished,56.05
2244.0,4,29.0,1,Delhi,semi,118.02
985.0,3,17.0,18,Mumbai,furnished,85.55
1296.0,3,7.0,3,Pune,semi,49.74
979.0,3,12.0,9,Delhi,semi,52.92
1039.0,2,32.0,6,Pune,furnished,38.89
2085.0,5,9.0,7,Mumbai,unfurnished,172.27
1326.0,3,21.0,4,Jaipur,semi,40.33
487.0,1,30.0,16,Mumbai,furnished,47.65
1049.0,2,14.0,22,Pune,unfurnished,52.93
1310.0,3,22.0,20,Mumbai,semi,104.8
1434.0,4,5.0,24,Mumbai,semi,113.43
928.0,3,23.0,14,Delhi,furnished,47.44
793.0,1,12.0,5,Delhi,furnished,52.87
592.0,1,2.0,13,Delhi,semi,35.96
1466.0,3,18.0,10,Delhi,semi,77.69
1160.0,4,22.0,0,Delhi,semi,67.37
713.0,1,13.0,7,Delhi,semi,49.27
1447.0,3,10.0,10,Mumbai,unfurnished,93.89
1859.0,3,11.0,19,Mumbai,semi,143.6
884.0,1,,22,Delhi,unfurnished,49.41
1719.0,3,6.0,18,Mumbai,semi,130.69
735.0,1,15.0,1,Mumbai,unfurnished,49.55
1284.0,2,24.0,11,Mumbai,semi,95.36
1023.0,3,39.0,13,Mumbai,unfurnished,72.1
1571.0,4,38.0,10,Jaipur,semi,47.77
1150.0,4,39.0,17,Pune,semi,30.94
1881.0,4,39.0,20,Delhi,semi,107.91
1109.0,3,2.0,18,Mumbai,furnished,94.79
705.0,1,7.0,9,Delhi,furnished,50.21
1237.0,1,9.0,2,Pune,unfurnished,55.56
1133.0,3,4.0,20,Pune,unfurnished,59.86
1565.0,4,39.0,23,Delhi,unfurnished,75.95
779.0,2,1.0,21,Mumbai,furnished,88.81
1532.0,3,5.0,21,Delhi,semi,100.99
766.0,3,7.0,22,Mumbai,semi,61.57
542.0,1,35.0,8,Pune,semi,22.09
937.0,2,28.0,10,Delhi,unfurnished,44.84
1118.0,2,27.0,9,Delhi,semi,55.7
2127.0,5,11.0,9,Delhi,furnished,127.82
1142.0,3,3.0,21,Pune,unfurnished,57.54
830.0,3,,21,Mumbai,furnished,69.1
1795.0,4,23.0,8,Mumbai,semi,128.41
1866.0,4,39.0,14,Pune,unfurnished,65.84
1698.0,3,5.0,4,Pune,unfurnished,80.52
667.0,3,25.0,4,Jaipur,furnished,22.37
928.0,1,29.0,17,Pune,unfurnished,41.85
1531.0,2,25.0,16,Mumbai,unfurnished,104.82
612.0,2,9.0,17,Pune,semi,29.78
1118.0,3,4.0,7,Jaipur,unfurnished,38.98
1113.0,3,,20,Delhi,unfurnished,61.34
1102.0,2,23.0,2,Delhi,semi,66.46
1119.0,2,3.0,22,Jaipur,furnished,46.98
1250.0,3,13.0,7,Delhi,furnished,71.34
945.0,2,25.0,0,Delhi,furnished,57.0
1777.0,4,15.0,0,Mumbai,unfurnished,125.83
1152.0,2,35.0,8,Pune,semi,56.6
1439.0,5,4.0,20,Delhi,furnished,90.95
1735.0,2,29.0,1,Jaipur,furnished,58.06
1785.0,4,38.0,21,Mumbai,unfurnished,159.9
1437.0,3,10.0,8,Pune,unfurnished,65.02
2020.0,4,22.0,16,Jaipur,furnished,67.11
1033.0,3,18.0,14,Pune,unfurnished,45.26
1192.0,3,14.0,14,Pune,furnished,59.75
1067.0,2,38.0,6,Mumbai,furnished,94.57
964.0,4,32.0,16,Jaipur,unfurnished,26.59
1279.0,1,1.0,24,Mumbai,unfurnished,102.11
1027.0,2,30.0,13,Pune,semi,41.14
1158.0,3,1.0,15,Delhi,unfurnished,76.73
998.0,2,16.0,18,Mumbai,semi,67.38
726.0,1,37.0,0,Delhi,furnished,32.03
1467.0,3,31.0,18,Mumbai,unfurnished,92.61
1575.0,3,13.0,15,Pune,,68.59
1247.0,3,33.0,24,Pune,semi,51.12
1169.0,3,10.0,5,Pune,semi,48.49
1262.0,1,10.0,19,Mumbai,,101.89
1154.0,3,3.0,24,Jaipur,semi,47.61
1589.0,3,0.0,2,Pune,furnished,92.6
906.0,1,3.0,10,Mumbai,semi,96.53
1054.0,3,19.0,7,Mumbai,unfurnished,88.89
848.0,2,10.0,18,Jaipur,,27.71
707.0,2,21.0,21,Delhi,semi,42.84
867.0,1,0.0,13,Mumbai,furnished,61.33
1234.0,3,5.0,24,Mumbai,unfurnished,102.44
935.0,2,11.0,1,Delhi,furnished,53.4
661.0,3,,2,Delhi,furnished,28.13
1055.0,1,22.0,14,Jaipur,furnished,38.11
1446.0,2,,17,Mumbai,unfurnished,123.39
1938.0,2,16.0,10,Jaipur,,53.91
1550.0,5,,9,Jaipur,unfurnished,52.2
828.0,2,16.0,8,Pune,unfurnished,37.15
1575.0,5,11.0,2,Jaipur,furnished,53.83
519.0,2,30.0,3,Mumbai,,36.54
1195.0,2,12.0,16,Pune,unfurnished,48.21
1405.0,4,27.0,20,Mumbai,unfurnished,87.83
1640.0,3,22.0,16,Mumbai,,144.71
1186.0,3,8.0,2,Pune,semi,55.7
829.0,4,20.0,1,Delhi,semi,49.28
1640.0,3,29.0,15,Mumbai,unfurnished,102.39
1702.0,4,15.0,4,Delhi,furnished,97.3
1208.0,3,26.0,14,Mumbai,semi,74.15
630.0,2,1.0,16,Jaipur,furnished,25.55
866.0,2,10.0,15,Pune,furnished,37.89
916.0,2,17.0,20,Jaipur,furnished,29.65
694.0,2,17.0,3,Jaipur,furnished,19.41
725.0,3,36.0,23,Delhi,unfurnished,39.58
762.0,1,36.0,3,Delhi,furnished,44.87
1055.0,1,4.0,0,Pune,unfurnished,50.15
1188.0,2,,0,Delhi,semi,74.12
1507.0,4,18.0,6,Mumbai,semi,108.38
1207.0,3,17.0,4,Delhi,semi,61.34
1885.0,3,36.0,1,Mumbai,semi,126.12
1811.0,4,19.0,8,Jaipur,unfurnished,50.77
994.0,2,5.0,17,Mumbai,furnished,97.21
1299.0,2,29.0,22,Mumbai,furnished,102.0
1293.0,2,2.0,10,Pune,semi,61.45
1083.0,2,1.0,18,Mumbai,semi,95.51
1203.0,2,12.0,20,Mumbai,unfurnished,85.89
1336.0,4,23.0,12,Delhi,furnished,87.06
989.0,1,6.0,13,Delhi,furnished,71.64
1112.0,2,32.0,16,Mumbai,furnished,92.67
1278.0,3,,21,Pune,furnished,69.19
923.0,2,9.0,6,Mumbai,furnished,75.74
1818.0,4,23.0,10,Delhi,unfurnished,90.43
685.0,2,12.0,0,Pune,semi,25.51
1603.0,4,0.0,9,Pune,,82.75
999.0,2,1.0,22,Mumbai,,89.45
559.0,1,26.0,12,Pune,unfurnished,19.03
984.0,2,19.0,22,Pune,furnished,42.23
1111.0,2,26.0,16,Mumbai,semi,93.91
692.0,2,20.0,1,Pune,furnished,32.61
1009.0,2,16.0,21,Mumbai,semi,92.47
1156.0,2,11.0,15,Mumbai,furnished,102.71
812.0,2,,1,Jaipur,semi,30.07
1361.0,3,24.0,15,Mumbai,unfurnished,89.89
1358.0,3,3.0,5,Mumbai,semi,121.67
879.0,2,24.0,12,Mumbai,unfurnished,80.95
929.0,2,15.0,9,Mumbai,unfurnished,82.03
1435.0,3,3.0,22,Mumbai,unfurnished,125.89
1126.0,1,29.0,14,Mumbai,semi,106.44
1353.0,2,4.0,17,Delhi,unfurnished,77.84
891.0,1,1.0,20,Mumbai,furnished,71.03
870.0,3,3.0,0,Pune,unfurnished,35.34
1401.0,3,33.0,19,Delhi,semi,75.0
1175.0,2,11.0,19,Mumbai,unfurnished,99.23
1308.0,3,36.0,8,Mumbai,semi,78.34
1978.0,4,9.0,6,Jaipur,semi,63.26
1264.0,3,22.0,7,Mumbai,,92.49
1048.0,2,31.0,11,Delhi,furnished,57.15
610.0,2,28.0,19,Delhi,furnished,33.35
1208.0,2,18.0,19,Jaipur,furnished,41.28
1316.0,2,12.0,18,Pune,furnished,65.89
1185.0,4,0.0,11,Delhi,unfurnished,81.19
1656.0,3,28.0,15,Jaipur,furnished,53.24
1911.0,5,27.0,18,Mumbai,furnished,186.85
1182.0,3,17.0,18,Pune,semi,56.01
864.0,2,33.0,5,Mumbai,furnished,65.93
934.0,2,28.0,24,Pune,semi,32.07
1105.0,2,29.0,16,Pune,semi,53.65
1775.0,5,10.0,1,Mumbai,unfurnished,161.6
1163.0,2,24.0,22,Jaipur,furnished,36.64
1741.0,4,0.0,18,Delhi,semi,107.94
740.0,2,23.0,9,Mumbai,unfurnished,58.65
1697.0,4,13.0,17,Delhi,semi,92.55
1378.0,2,16.0,14,Pune,semi,70.47
1012.0,3,37.0,0,Pune,furnished,45.76
1282.0,4,38.0,19,Pune,semi,47.56
1622.0,4,22.0,23,Delhi,furnished,89.63
1389.0,3,22.0,20,Delhi,semi,76.26
1635.0,3,17.0,11,Jaipur,semi,53.6
1359.0,3,0.0,17,Delhi,semi,91.88
1467.0,2,30.0,24,Pune,semi,68.34
1581.0,3,19.0,1,Mumbai,furnished,144.82
1148.0,2,16.0,12,Delhi,semi,64.25
1156.0,2,6.0,9,Mumbai,furnished,103.73
1429.0,3,2.0,15,Delhi,furnished,82.64
1436.0,3,8.0,15,Delhi,furnished,89.69
757.0,2,28.0,8,Pune,semi,36.24
885.0,2,33.0,9,Pune,furnished,41.63
734.0,1,33.0,21,Jaipur,furnished,21.73
1015.0,4,14.0,12,Mumbai,furnished,77.42
826.0,1,3.0,3,Delhi,furnished,59.49
1776.0,4,,8,Mumbai,furnished,153.18
664.0,3,9.0,22,Pune,semi,30.89
996.0,2,3.0,2,Mumbai,furnished,84.07
1241.0,2,21.0,9,Jaipur,furnished,38.3
598.0,1,17.0,12,Mumbai,unfurnished,45.06
1521.0,4,4.0,1,Pune,,60.99
1013.0,2,34.0,15,Pune,furnished,39.07
1082.0,3,37.0,14,Pune,unfurnished,38.77
1339.0,3,,19,Delhi,semi,67.02
2383.0,6,30.0,15,Pune,semi,89.55
1053.0,2,13.0,8,Jaipur,semi,34.98
928.0,2,11.0,9,Pune,furnished,43.05
1374.0,3,7.0,13,Mumbai,semi,128.93
712.0,2,7.0,5,Pune,furnished,30.73
1310.0,2,1.0,3,Mumbai,unfurnished,134.92
1318.0,2,4.0,3,Mumbai,furnished,115.49
609.0,3,2.0,4,Mumbai,furnished,52.57
924.0,2,5.0,18,Delhi,unfurnished,70.9
1904.0,3,12.0,18,Pune,unfurnished,86.63
1426.0,3,23.0,8,Jaipur,semi,36.64
1085.0,3,16.0,2,Mumbai,semi,66.7
2178.0,4,28.0,5,Delhi,semi,108.39
531.0,2,36.0,20,Delhi,semi,26.26
1071.0,1,0.0,11,Pune,unfurnished,59.24
1365.0,3,23.0,11,Mumbai,semi,106.96
1281.0,2,9.0,9,Delhi,unfurnished,71.11
1313.0,4,0.0,1,Mumbai,unfurnished,119.09
858.0,3,24.0,24,Jaipur,unfurnished,27.16
814.0,2,26.0,16,Mumbai,semi,54.98
2133.0,5,27.0,8,Delhi,furnished,110.71
1265.0,4,35.0,9,Pune,semi,39.95
1460.0,2,21.0,5,Mumbai,furnished,110.43
837.0,2,11.0,4,Jaipur,semi,21.83
813.0,2,37.0,13,Pune,semi,28.29
968.0,3,35.0,2,Mumbai,unfurnished,69.54
1542.0,4,17.0,18,Delhi,unfurnished,78.11
1342.0,4,1.0,22,Delhi,semi,112.85
917.0,2,19.0,1,Mumbai,semi,68.59
910.0,2,24.0,3,Pune,furnished,49.08
1886.0,4,4.0,18,Mumbai,semi,168.09
1176.0,3,31.0,19,Delhi,semi,63.57
1284.0,2,11.0,18,Delhi,furnished,88.2
1542.0,4,37.0,6,Mumbai,unfurnished,131.84
1887.0,4,24.0,15,Pune,unfurnished,88.87
1013.0,1,2.0,21,Pune,semi,50.74
1436.0,3,18.0,5,Delhi,semi,70.72
940.0,3,37.0,22,Delhi,furnished,49.91
2286.0,6,9.0,3,Delhi,unfurnished,171.04
1276.0,3,24.0,3,Delhi,furnished,77.54
1134.0,3,16.0,16,Pune,furnished,67.16
1212.0,2,10.0,18,Mumbai,furnished,87.77
880.0,2,4.0,24,Jaipur,unfurnished,28.09
1374.0,2,23.0,18,Delhi,unfurnished,81.46
1129.0,4,6.0,22,Mumbai,unfurnished,111.34
1255.0,3,31.0,19,Delhi,furnished,72.25
1337.0,3,1.0,7,Delhi,unfurnished,81.25
1001.0,2,13.0,7,Mumbai,unfurnished,84.31
1172.0,2,38.0,11,Mumbai,unfurnished,60.71
1892.0,5,23.0,11,Mumbai,semi,159.53
2171.0,4,14.0,24,Mumbai,furnished,213.77
1004.0,2,,20,Mumbai,furnished,82.46
1317.0,1,14.0,5,Mumbai,furnished,89.98
983.0,1,15.0,2,Pune,semi,40.4
1247.0,3,15.0,8,Pune,furnished,52.5
2273.0,5,8.0,15,Jaipur,semi,75.36
599.0,2,19.0,8,Delhi,unfurnished,34.3
808.0,2,33.0,22,Delhi,furnished,48.0
1555.0,3,,24,Delhi,furnished,69.67
1982.0,4,7.0,22,Pune,semi,87.05
1228.0,4,29.0,21,Delhi,furnished,70.09
687.0,3,21.0,23,Jaipur,semi,29.35
856.0,2,8.0,14,Mumbai,furnished,79.71
987.0,3,6.0,3,Pune,,44.42
1901.0,4,18.0,3,Delhi,semi,98.08
1666.0,2,30.0,19,Delhi,semi,72.9
1395.0,3,13.0,20,Pune,unfurnished,55.06
3328.0,6,18.0,17,Jaipur,unfurnished,105.89
616.0,1,15.0,0,Mumbai,unfurnished,47.12
1208.0,2,32.0,16,Pune,,53.53
1053.0,3,35.0,13,Pune,unfurnished,35.21
1597.0,4,9.0,6,Mumbai,furnished,145.39
1276.0,3,3.0,18,Mumbai,unfurnished,105.8
936.0,1,37.0,0,Mumbai,unfurnished,55.87
1715.0,3,8.0,10,Pune,furnished,94.84
1144.0,3,34.0,2,Delhi,furnished,47.34
946.0,2,28.0,8,Delhi,furnished,68.81
1025.0,2,32.0,9,Jaipur,semi,30.1
701.0,1,6.0,21,Delhi,furnished,38.34
1580.0,3,,16,Mumbai,furnished,146.35
607.0,1,,2,Delhi,furnished,32.01
1068.0,2,24.0,24,Mumbai,semi,96.44
1496.0,3,12.0,12,Mumbai,semi,115.73
1504.0,3,9.0,9,Delhi,furnished,86.38
1468.0,4,6.0,13,Jaipur,semi,44.97
1262.0,4,14.0,17,Pune,furnished,60.2
1229.0,3,15.0,1,Mumbai,furnished,111.33
708.0,2,23.0,1,Mumbai,unfurnished,49.02
871.0,2,17.0,8,Pune,unfurnished,42.26
651.0,1,0.0,4,Pune,unfurnished,32.48
1700.0,3,35.0,2,Jaipur,unfurnished,41.22
1181.0,3,21.0,14,Delhi,furnished,72.13
1860.0,5,34.0,2,Pune,unfurnished,59.88
1735.0,5,17.0,5,Mumbai,unfurnished,139.77
1050.0,2,30.0,1,Mumbai,unfurnished,68.29
990.0,2,36.0,24,Mumbai,semi,57.3
1158.0,2,19.0,7,Pune,unfurnished,62.21
956.0,1,39.0,9,Mumbai,furnished,63.04
1286.0,3,2.0,11,Mumbai,semi,91.47
1519.0,2,22.0,1,Mumbai,semi,94.18
1000.0,2,2.0,0,Pune,,56.05
2036.0,5,19.0,17,Mumbai,furnished,191.12
840.0,1,9.0,21,Mumbai,furnished,86.14
745.0,3,11.0,4,Delhi,,43.89
925.0,1,20.0,22,Pune,unfurnished,33.4
1370.0,3,15.0,14,Pune,unfurnished,49.9
1255.0,4,7.0,0,Mumbai,furnished,105.69
749.0,2,10.0,22,Delhi,furnished,48.12
887.0,2,20.0,6,Delhi,furnished,41.39
1693.0,4,11.0,13,Delhi,furnished,98.43
1317.0,3,7.0,24,Mumbai,unfurnished,98.71
514.0,1,26.0,1,Pune,unfurnished,22.2
1206.0,2,31.0,0,Delhi,unfurnished,59.27
1031.0,2,13.0,13,Delhi,semi,58.39
1152.0,1,38.0,5,Delhi,semi,53.02
1521.0,4,15.0,0,Delhi,unfurnished,81.33
1620.0,3,37.0,14,Mumbai,furnished,96.86
1288.0,2,30.0,16,Mumbai,unfurnished,86.94
1677.0,5,32.0,12,Mumbai,semi,87.7
837.0,2,22.0,22,Pune,unfurnished,40.38
999.0,2,24.0,3,Delhi,unfurnished,54.61
1619.0,4,18.0,16,Delhi,furnished,99.26
611.0,2,23.0,16,Delhi,unfurnished,30.83
1153.0,3,20.0,1,Mumbai,unfurnished,96.2
915.0,3,21.0,13,Delhi,furnished,58.33
1159.0,3,30.0,21,Delhi,semi,60.97
1085.0,2,32.0,16,Pune,unfurnished,36.04
856.0,3,3.0,0,Pune,furnished,41.24
1368.0,2,18.0,7,Pune,semi,46.85
714.0,2,29.0,5,Delhi,furnished,37.73
1272.0,3,8.0,7,Pune,unfurnished,51.56
1073.0,2,39.0,5,Pune,furnished,38.25
680.0,1,14.0,0,Delhi,unfurnished,38.56
1376.0,3,20.0,6,Delhi,,71.49
986.0,3,7.0,22,Delhi,furnished,62.18
1588.0,4,31.0,2,Delhi,unfurnished,71.0
1043.0,2,,6,Pune,unfurnished,33.62
1227.0,2,2.0,4,Delhi,unfurnished,77.56
2370.0,4,29.0,3,Jaipur,furnished,61.91
1096.0,3,14.0,12,Mumbai,unfurnished,80.68
1333.0,4,27.0,22,Delhi,semi,70.28
1404.0,3,10.0,14,Delhi,unfurnished,86.28
1683.0,4,9.0,9,Delhi,unfurnished,83.55
1061.0,3,3.0,10,Delhi,,65.6
1062.0,3,0.0,15,Jaipur,unfurnished,35.13
705.0,2,4.0,17,Delhi,unfurnished,45.42
983.0,2,38.0,0,Pune,furnished,37.33
927.0,2,6.0,19,Pune,unfurnished,48.08
890.0,2,0.0,23,Mumbai,furnished,87.93
1111.0,2,39.0,8,Jaipur,unfurnished,35.21
1366.0,2,7.0,17,Mumbai,furnished,137.4
769.0,2,27.0,5,Delhi,semi,37.67
1963.0,6,10.0,20,Delhi,unfurnished,111.04
1732.0,4,16.0,15,Mumbai,furnished,118.01
1224.0,3,25.0,5,Jaipur,unfurnished,33.37
1538.0,4,39.0,11,Pune,semi,57.5
652.0,1,,4,Pune,unfurnished,28.3
987.0,2,23.0,20,Mumbai,furnished,67.89
1066.0,3,6.0,6,Delhi,furnished,65.5
1164.0,3,25.0,8,Jaipur,semi,35.58
878.0,1,11.0,12,Pune,semi,36.75
1126.0,3,2.0,12,Delhi,semi,76.21
1093.0,2,38.0,12,Jaipur,unfurnished,27.75
1979.0,5,13.0,15,Delhi,semi,122.15
1412.0,3,12.0,5,Delhi,unfurnished,77.32
1079.0,2,28.0,11,Delhi,unfurnished,53.07
1028.0,2,19.0,14,Pune,furnished,46.96
929.0,1,27.0,3,Pune,semi,32.75
1127.0,1,12.0,20,Mumbai,semi,68.76
823.0,1,8.0,22,Delhi,furnished,60.09
1189.0,3,32.0,23,Mumbai,semi,95.04
1996.0,3,31.0,18,Pune,semi,76.11
795.0,1,9.0,21,Mumbai,furnished,60.55
542.0,1,19.0,5,Jaipur,unfurnished,17.47
1757.0,2,7.0,11,Jaipur,unfurnished,54.38
740.0,1,31.0,2,Pune,unfurnished,25.43
611.0,2,11.0,17,Mumbai,furnished,61.38
1142.0,2,28.0,5,Jaipur,semi,31.6
750.0,1,11.0,22,Mumbai,semi,55.5
832.0,2,19.0,6,Mumbai,unfurnished,63.15
1316.0,2,22.0,16,Mumbai,semi,102.9
1337.0,1,38.0,5,Jaipur,semi,39.63
1253.0,3,35.0,13,Pune,semi,55.66
1017.0,2,20.0,10,Delhi,unfurnished,54.74
1487.0,3,17.0,0,Mumbai,furnished,116.01
1279.0,1,17.0,3,Mumbai,semi,84.26
999.0,3,31.0,12,Mumbai,furnished,71.12
1856.0,4,27.0,11,Jaipur,furnished,58.51
995.0,2,34.0,15,Delhi,furnished,56.46
992.0,3,1.0,22,Jaipur,semi,38.62
987.0,3,37.0,18,Jaipur,semi,21.37
1159.0,2,7.0,1,Mumbai,unfurnished,96.38
1014.0,2,18.0,1,Mumbai,unfurnished,82.35
1108.0,4,30.0,2,Pune,unfurnished,38.76
428.0,1,3.0,9,Delhi,unfurnished,27.08
1677.0,4,4.0,9,Jaipur,semi,45.68
1221.0,3,12.0,11,Delhi,furnished,73.2
1423.0,1,19.0,7,Pune,,54.62
847.0,2,23.0,10,Jaipur,semi,23.11
2437.0,5,37.0,10,Mumbai,unfurnished,157.83
2104.0,5,0.0,17,Mumbai,semi,216.13
715.0,1,34.0,10,Delhi,unfurnished,34.66
824.0,1,26.0,9,Delhi,unfurnished,45.85
614.0,2,31.0,2,Delhi,,28.68
1574.0,3,2.0,21,Pune,semi,79.62
1405.0,1,20.0,0,Delhi,unfurnished,84.22
1030.0,3,8.0,6,Delhi,unfurnished,58.15
2588.0,5,33.0,24,Mumbai,semi,185.17
485.0,1,,18,Jaipur,furnished,16.86
541.0,2,37.0,3,Pune,semi,19.58
1570.0,4,16.0,13,Mumbai,semi,131.81
1845.0,4,9.0,20,Jaipur,semi,64.06
1410.0,3,12.0,7,Pune,unfurnished,51.33
1585.0,4,13.0,7,Mumbai,,111.1
1585.0,3,24.0,12,Pune,unfurnished,61.78
533.0,2,,0,Mumbai,furnished,46.43
792.0,4,4.0,6,Pune,,37.15
863.0,2,30.0,11,Mumbai,semi,63.77
827.0,1,3.0,10,Pune,semi,35.8
736.0,1,15.0,0,Pune,furnished,30.08
1484.0,4,,22,Mumbai,,130.42
1167.0,2,38.0,15,Mumbai,furnished,105.99
980.0,3,13.0,14,Pune,semi,45.35
692.0,2,33.0,8,Mumbai,unfurnished,44.85
1118.0,4,21.0,22,Jaipur,furnished,27.0
1330.0,2,17.0,18,Pune,unfurnished,50.4
1403.0,4,8.0,20,Delhi,semi,119.08
1596.0,2,2.0,21,Delhi,semi,109.79
1328.0,3,8.0,10,Pune,semi,53.72
977.0,3,28.0,6,Mumbai,semi,59.64
1276.0,3,25.0,3,Jaipur,furnished,33.44
659.0,2,13.0,0,Delhi,furnished,41.15
970.0,2,11.0,13,Pune,unfurnished,42.85
1792.0,4,4.0,20,Mumbai,semi,143.03
1215.0,3,12.0,12,Mumbai,unfurnished,102.94
1867.0,5,36.0,3,Delhi,semi,89.62
1094.0,3,36.0,5,Jaipur,furnished,33.25
859.0,2,16.0,24,Mumbai,unfurnished,70.74
3091.0,6,29.0,16,Delhi,unfurnished,150.6
869.0,2,3.0,6,Pune,furnished,41.1
1157.0,3,6.0,13,Delhi,furnished,73.44
2511.0,6,21.0,13,Delhi,furnished,161.2
855.0,3,8.0,17,Pune,unfurnished,42.49
634.0,1,32.0,15,Delhi,semi,29.29
965.0,2,28.0,9,Mumbai,furnished,66.19
1486.0,3,24.0,22,Delhi,unfurnished,85.44
752.0,2,4.0,21,Pune,furnished,28.43
649.0,2,37.0,20,Pune,unfurnished,23.49
1030.0,2,0.0,7,Delhi,unfurnished,64.0
876.0,1,4.0,4,Jaipur,semi,42.78
1170.0,3,,16,Mumbai,semi,100.69
1244.0,2,39.0,13,Pune,furnished,48.36
630.0,1,4.0,15,Pune,semi,30.05
1737.0,5,29.0,5,Pune,furnished,81.84
891.0,2,26.0,7,Jaipur,unfurnished,16.64
883.0,2,22.0,2,Jaipur,,27.81
1448.0,4,12.0,24,Delhi,unfurnished,69.9
1148.0,3,30.0,9,Pune,semi,55.32
1286.0,4,3.0,6,Delhi,furnished,65.67
1442.0,3,27.0,23,Delhi,furnished,84.14
1306.0,2,26.0,20,Pune,semi,48.47
1194.0,2,2.0,15,Pune,furnished,81.98
713.0,3,1.0,4,Delhi,semi,46.48
811.0,1,27.0,0,Pune,semi,36.85
916.0,2,36.0,0,Pune,furnished,41.58
1296.0,3,3.0,12,Delhi,unfurnished,82.43
1392.0,5,3.0,8,Delhi,semi,79.66
1291.0,3,35.0,16,Mumbai,semi,81.66
1324.0,3,19.0,5,Delhi,furnished,83.54
782.0,1,22.0,12,Jaipur,furnished,24.46
924.0,2,24.0,19,Pune,furnished,39.78
695.0,1,22.0,8,Delhi,unfurnished,36.12
1000.0,2,39.0,8,Delhi,unfurnished,45.75
659.0,1,17.0,24,Mumbai,unfurnished,53.61
933.0,3,,1,Jaipur,furnished,29.88
523.0,1,,12,Mumbai,semi,38.59
883.0,2,29.0,20,Delhi,furnished,45.5
950.0,3,0.0,13,Mumbai,unfurnished,79.88
1649.0,3,10.0,17,Mumbai,semi,144.2
913.0,1,1.0,17,Pune,semi,42.84
1299.0,3,2.0,20,Jaipur,furnished,45.78
1816.0,4,15.0,12,Delhi,semi,89.96
1801.0,3,31.0,4,Pune,furnished,72.97
1300.0,4,36.0,6,Delhi,semi,70.24
619.0,1,33.0,20,Delhi,unfurnished,29.78
943.0,3,28.0,24,Delhi,unfurnished,49.49
1484.0,3,31.0,9,Pune,furnished,83.42
1111.0,2,34.0,7,Delhi,semi,46.54
1395.0,4,37.0,5,Delhi,semi,58.7
759.0,3,12.0,7,Mumbai,semi,53.41
963.0,1,20.0,22,Delhi,furnished,56.5
1269.0,2,16.0,15,Jaipur,unfurnished,41.07
662.0,2,18.0,7,Pune,semi,28.37
1216.0,2,32.0,23,Mumbai,unfurnished,106.81
1180.0,4,23.0,3,Mumbai,furnished,85.53
777.0,1,11.0,11,Pune,furnished,35.26
1450.0,3,20.0,16,Delhi,semi,69.0
1774.0,3,17.0,1,Pune,semi,73.86
1585.0,3,38.0,21,Mumbai,unfurnished,108.09
1139.0,2,36.0,0,Delhi,semi,50.12
1076.0,2,25.0,23,Delhi,unfurnished,61.53
1231.0,3,11.0,7,Pune,furnished,46.72
1683.0,4,6.0,19,Delhi,furnished,120.81
807.0,3,32.0,4,Pune,unfurnished,35.15
1794.0,3,,22,Delhi,semi,109.17
1018.0,2,17.0,5,Mumbai,semi,75.83
1009.0,2,,14,Jaipur,unfurnished,26.81
969.0,2,,6,Delhi,furnished,69.35
2286.0,6,8.0,7,Pune,furnished,120.22
851.0,3,34.0,21,Delhi,unfurnished,37.07
1538.0,4,35.0,3,Jaipur,furnished,39.67
1171.0,2,37.0,14,Jaipur,furnished,39.67
822.0,2,30.0,9,Pune,semi,30.24
903.0,2,19.0,2,Jaipur,furnished,30.18
1693.0,4,16.0,5,Pune,unfurnished,72.76
1336.0,2,21.0,6,Pune,furnished,57.19
1052.0,2,4.0,21,Delhi,unfurnished,69.5
1025.0,3,29.0,15,Delhi,unfurnished,46.86
939.0,2,38.0,8,Delhi,unfurnished,39.61
1647.0,4,6.0,21,Pune,furnished,86.55
1685.0,4,8.0,21,Pune,unfurnished,73.68
644.0,1,34.0,22,Delhi,semi,25.55
1207.0,3,33.0,7,Jaipur,unfurnished,28.51
1280.0,4,31.0,8,Jaipur,furnished,37.4
743.0,1,15.0,22,Pune,unfurnished,25.94
897.0,2,36.0,23,Delhi,furnished,46.77
1009.0,1,23.0,6,Mumbai,furnished,59.73
1266.0,2,9.0,7,Pune,semi,49.33
1018.0,2,6.0,1,Mumbai,unfurnished,81.21
987.0,2,29.0,5,Pune,semi,42.39
746.0,2,27.0,6,Mumbai,semi,68.34
1394.0,3,22.0,12,Jaipur,unfurnished,34.04
1082.0,2,33.0,1,Delhi,unfurnished,54.51
1045.0,2,3.0,23,Mumbai,unfurnished,82.11
990.0,3,18.0,24,Jaipur,,24.78
751.0,2,23.0,9,Delhi,furnished,44.09
699.0,2,2.0,22,Mumbai,semi,72.88
1382.0,3,28.0,2,Delhi,furnished,81.2
794.0,2,4.0,14,Jaipur,semi,28.71
865.0,3,25.0,11,Mumbai,unfurnished,70.56
680.0,2,,1,Delhi,,33.47
1397.0,3,19.0,8,Jaipur,furnished,52.94
1430.0,2,17.0,9,Delhi,unfurnished,87.15
1502.0,3,24.0,6,Mumbai,semi,116.44
889.0,1,25.0,23,Delhi,unfurnished,52.39
1166.0,4,24.0,16,Mumbai,unfurnished,91.58
1638.0,4,32.0,9,Delhi,semi,76.46
777.0,2,19.0,16,Mumbai,unfurnished,57.8
787.0,2,19.0,12,Jaipur,unfurnished,22.47
1663.0,5,3.0,12,Pune,unfurnished,100.24
817.0,1,7.0,11,Delhi,furnished,68.79
485.0,2,12.0,9,Pune,semi,25.5
641.0,1,23.0,3,Mumbai,semi,40.56
677.0,2,3.0,18,Delhi,furnished,48.45
842.0,2,39.0,3,Pune,furnished,28.47
977.0,1,32.0,9,Pune,furnished,40.03
1219.0,3,29.0,10,Jaipur,semi,31.07
795.0,1,24.0,2,Delhi,semi,48.61
1149.0,2,13.0,17,Mumbai,furnished,87.88
1590.0,4,36.0,22,Mumbai,furnished,118.22
1253.0,3,14.0,18,Pune,unfurnished,46.54
3823.0,6,8.0,3,Delhi,semi,268.91
1749.0,4,8.0,23,Mumbai,furnished,153.36
1073.0,2,31.0,4,Pune,furnished,41.5
1170.0,3,32.0,17,Pune,unfurnished,39.49
894.0,2,8.0,13,Pune,furnished,54.39
1118.0,3,5.0,4,Delhi,furnished,70.49
1145.0,3,27.0,21,Mumbai,unfurnished,77.39
1034.0,1,33.0,11,Mumbai,semi,78.93
1288.0,2,11.0,23,Delhi,furnished,74.21
1667.0,3,37.0,6,Delhi,furnished,84.92
1132.0,3,26.0,16,Delhi,unfurnished,61.62
796.0,2,15.0,4,Mumbai,furnished,73.03
1395.0,2,33.0,1,Jaipur,semi,40.2
1340.0,3,13.0,8,Jaipur,furnished,41.51
2379.0,6,24.0,13,Mumbai,furnished,183.3
1042.0,2,32.0,4,Jaipur,furnished,26.69
883.0,1,33.0,18,Mumbai,furnished,72.81
1318.0,4,37.0,1,Jaipur,unfurnished,30.01
986.0,3,35.0,11,Delhi,furnished,58.48
1275.0,2,31.0,13,Pune,furnished,48.67
1613.0,3,14.0,6,Mumbai,furnished,130.44
1458.0,4,3.0,9,Delhi,furnished,81.37
1688.0,4,24.0,2,Delhi,furnished,93.54
1589.0,3,6.0,19,Pune,furnished,89.68
855.0,2,35.0,12,Mumbai,unfurnished,53.22
1163.0,1,8.0,15,Jaipur,furnished,44.3
975.0,3,29.0,4,Delhi,semi,47.97
1181.0,3,27.0,17,Mumbai,semi,98.65
799.0,2,36.0,4,Pune,semi,27.32
1120.0,2,29.0,7,Delhi,unfurnished,44.3
1023.0,2,29.0,16,Mumbai,unfurnished,91.8
1387.0,3,15.0,0,Mumbai,semi,97.24
730.0,1,38.0,4,Pune,semi,26.05
676.0,2,6.0,1,Jaipur,semi,21.59
771.0,2,6.0,8,Pune,unfurnished,32.21
1100.0,2,39.0,22,Delhi,semi,71.52
901.0,1,21.0,4,Delhi,furnished,51.28
853.0,2,,2,Delhi,furnished,41.76
802.0,1,2.0,10,Jaipur,unfurnished,21.45
1982.0,3,35.0,21,Pune,furnished,107.89
728.0,2,20.0,20,Delhi,unfurnished,35.11
932.0,2,21.0,6,Pune,semi,36.97
1783.0,3,34.0,21,Delhi,furnished,118.08
1008.0,2,29.0,4,Delhi,semi,45.45
804.0,1,14.0,23,Mumbai,semi,62.05
835.0,1,3.0,1,Jaipur,semi,26.55
776.0,2,30.0,3,Jaipur,semi,27.05
1847.0,4,28.0,11,Jaipur,furnished,54.08
1802.0,4,15.0,5,Delhi,furnished,88.48
1230.0,2,18.0,1,Pune,semi,40.67
2019.0,4,23.0,1,Pune,furnished,74.11
948.0,2,23.0,5,Delhi,semi,51.75
1236.0,4,32.0,14,Pune,semi,49.06
1372.0,3,17.0,11,Delhi,semi,77.05
1227.0,4,7.0,14,Mumbai,unfurnished,95.93
1092.0,3,6.0,17,Mumbai,,109.67
790.0,2,35.0,0,Delhi,furnished,39.02
1256.0,4,14.0,6,Pune,unfurnished,47.65
1031.0,3,18.0,14,Delhi,unfurnished,47.13
1327.0,3,39.0,11,Delhi,unfurnished,59.09
495.0,2,14.0,1,Mumbai,furnished,47.21
1245.0,3,4.0,6,Delhi,semi,84.54
990.0,2,26.0,4,Mumbai,unfurnished,70.16
1238.0,3,22.0,13,Jaipur,unfurnished,37.71
770.0,1,39.0,18,Pune,furnished,27.97
1494.0,2,7.0,2,Delhi,furnished,116.69
1654.0,3,2.0,19,Pune,unfurnished,78.45
767.0,1,25.0,22,Pune,semi,34.91
488.0,1,24.0,0,Jaipur,semi,12.36
635.0,1,18.0,9,Pune,unfurnished,22.67
900.0,3,23.0,0,Jaipur,furnished,24.07
1082.0,3,,4,Jaipur,unfurnished,23.56
1537.0,3,11.0,17,Delhi,furnished,95.37
1729.0,3,25.0,1,Jaipur,furnished,40.4
1164.0,3,25.0,13,Delhi,furnished,71.2
763.0,1,11.0,22,Delhi,furnished,55.12
1242.0,2,13.0,18,Mumbai,unfurnished,85.9
819.0,1,23.0,4,Delhi,furnished,55.2
616.0,2,37.0,11,Pune,semi,25.46
1528.0,3,18.0,22,Delhi,unfurnished,85.44
1190.0,2,10.0,15,Pune,semi,52.12
1009.0,2,34.0,3,Pune,,37.71
1543.0,5,34.0,22,Pune,furnished,64.88
930.0,1,33.0,2,Delhi,unfurnished,40.56
1278.0,4,25.0,18,Pune,semi,46.26
913.0,3,28.0,5,Pune,semi,44.97
