order_id,date,region,product,units,unit_price
1012,2026-01-03,north,lamp,4,900.0
1019,2026-01-06,east,notebook,5,45.0
1015,2026-01-07,west,pen,14,10.0
1009,2026-01-08,west,calculator,2,650.0
1027,2026-01-11,west,notebook,10,45.0
1035,2026-01-11,east,pen,15,10.0
1028,2026-01-14,south,backpack,13,1200.0
1020,2026-01-17,west,calculator,11,650.0
1030,2026-01-20,west,pen,8,10.0
1011,2026-01-24,south,lamp,17,900.0
1036,2026-01-25,west,calculator,10,650.0
1002,2026-01-26,north,backpack,12,1200.0
1040,2026-01-30,east,notebook,10,45.0
1034,2026-02-03,east,notebook,8,45.0
1010,2026-02-05,south,pen,7,10.0
1039,2026-02-07,west,notebook,13,45.0
1021,2026-02-10,north,pen,4,10.0
1023,2026-02-10,south,backpack,19,1200.0
1022,2026-02-11,north,pen,3,10.0
1025,2026-02-13,west,backpack,5,1200.0
1014,2026-02-14,north,notebook,13,45.0
1018,2026-02-14,east,lamp,14,900.0
1005,2026-02-15,south,pen,15,10.0
1024,2026-02-15,south,calculator,9,650.0
1026,2026-02-21,south,lamp,4,900.0
1017,2026-02-24,west,lamp,19,900.0
1029,2026-02-24,south,backpack,9,1200.0
1004,2026-02-25,west,calculator,15,650.0
1013,2026-02-26,east,pen,10,10.0
1016,2026-02-27,east,calculator,18,650.0
1008,2026-03-06,north,calculator,15,650.0
1007,2026-03-11,west,backpack,2,1200.0
1032,2026-03-12,east,lamp,3,900.0
1006,2026-03-18,east,calculator,10,650.0
1001,2026-03-20,north,backpack,2,1200.0
1038,2026-03-20,south,backpack,4,1200.0
1003,2026-03-23,west,notebook,2,45.0
1037,2026-03-23,east,pen,12,10.0
1031,2026-03-24,south,pen,14,10.0
1033,2026-03-26,east,lamp,7,900.0
